{"Roofing": 3.3333333333333335, "Truck Rental": 3.7, "Drugstores": 3.36, "Dry Cleaning & Laundry": 3.4054054054054053, "Dog Parks": 3.764705882352941, "Boating": 3.9166666666666665, "Child Care & Day Care": 4.125, "Endodontists": 4.2, "Creperies": 4.0, "Public Transportation": 4.083333333333333, "Architects": 5.0, "Juice Bars & Smoothies": 4.019230769230769, "Pet Boarding/Pet Sitting": 4.2745098039215685, "Grocery": 3.5850746268656715, "Hair Removal": 4.111111111111111, "Buffets": 3.200854700854701, "Adult Education": 3.5, "Candy Stores": 4.342105263157895, "Community Service/Non-Profit": 4.138888888888889, "Bowling": 3.5652173913043477, "Restaurants": 3.4761270264268265, "DJs": 5.0, "Playgrounds": 4.4375, "Hiking": 4.375, "Fabric Stores": 3.6578947368421053, "Bankruptcy Law": 4.5, "Skydiving": 4.5, "Delis": 3.606164383561644, "Bed & Breakfast": 4.375, "Tanning": 3.893939393939394, "Halal": 4.1, "Herbs & Spices": 4.75, "Chicken Wings": 3.391304347826087, "Laser Eye Surgery/Lasik": 4.75, "Diagnostic Services": 2.5, "Antiques": 4.065789473684211, "Food Stands": 4.166666666666667, "Orthodontists": 4.105263157894737, "Shopping Centers": 3.342857142857143, "Mountain Biking": 3.8333333333333335, "Nail Salons": 3.584710743801653, "Elementary Schools": 4.1, "Automotive": 3.673179396092362, "Interior Design": 3.2777777777777777, "Cosmetic Surgeons": 3.0, "Travel Services": 3.0, "Lounges": 3.547872340425532, "Persian/Iranian": 3.5, "Shoe Repair": 4.28125, "Animal Shelters": 4.55, "Cafes": 3.849056603773585, "Airports": 3.2857142857142856, "Appliances": 3.1052631578947367, "Hobby Shops": 3.9791666666666665, "Gyms": 3.7259615384615383, "Scandinavian": 4.0, "Greek": 3.6538461538461537, "Zoos": 3.8333333333333335, "Hardware Stores": 3.9285714285714284, "Guns & Ammo": 4.0, "Watch Repair": 4.666666666666667, "Limos": 4.0, "Chinese": 3.4100346020761245, "Home Decor": 3.981818181818182, "Food Trucks": 4.833333333333333, "Health & Medical": 3.9692144373673037, "Bikes": 4.078947368421052, "Yoga": 4.404255319148936, "Ophthalmologists": 4.166666666666667, "Hookah Bars": 4.125, "Middle Eastern": 3.8055555555555554, "Brazilian": 3.6666666666666665, "Building Supplies": 3.5, "Landscape Architects": 4.0, "Nutritionists": 4.833333333333333, "Divorce & Family Law": 4.25, "Handyman": 5.0, "Costumes": 4.05, "Vocational & Technical School": 3.5, "Diners": 3.401639344262295, "Sports Bars": 3.2158273381294964, "Donuts": 3.6029411764705883, "Russian": 3.5, "Auto Parts & Supplies": 3.8285714285714287, "Seafood Markets": 4.125, "Public Relations": 5.0, "Vegetarian": 3.8714285714285714, "Piercing": 4.6, "Kosher": 4.25, "Climbing": 4.25, "Libraries": 4.0, "Couriers & Delivery Services": 3.3, "German": 3.9166666666666665, "Tobacco Shops": 4.065789473684211, "Taiwanese": 3.75, "Laotian": 4.5, "Mass Media": 3.6666666666666665, "Basque": 3.6666666666666665, "Home Cleaning": 3.5, "Pilates": 4.666666666666667, "Vietnamese": 3.5576923076923075, "Massage Schools": 3.5, "Personal Injury Law": 5.0, "Smog Check Stations": 3.0, "Home Services": 3.6381418092909534, "Eyewear & Opticians": 3.9, "Pizza": 3.463894967177243, "Marketing": 4.833333333333333, "Electricians": 4.954545454545454, "Campgrounds": 4.5, "Gelato": 4.3125, "Office Cleaning": 4.125, "Furniture Reupholstery": 4.333333333333333, "Psychiatrists": 1.0, "Archery": 4.25, "Web Design": 4.583333333333333, "Seafood": 3.4886363636363638, "British": 3.9166666666666665, "General Litigation": 4.0, "Professional Sports Teams": 4.0, "Screen Printing": 4.0, "Japanese": 3.528, "Books, Mags, Music & Video": 3.8088235294117645, "Hot Dogs": 3.5952380952380953, "Massage Therapy": 4.65, "Festivals": 3.5, "Podiatrists": 4.4, "Sandwiches": 3.595549738219895, "Shaved Ice": 4.166666666666667, "Children's Clothing": 3.75, "Dance Studios": 4.642857142857143, "Chiropractors": 4.743589743589744, "Shades & Blinds": 4.642857142857143, "Dim Sum": 3.625, "Fitness & Instruction": 4.112745098039215, "Office Equipment": 3.36, "Ear Nose & Throat": 2.9, "Pediatric Dentists": 4.184210526315789, "Men's Clothing": 3.8214285714285716, "Music & DVDs": 3.608695652173913, "Diagnostic Imaging": 2.5, "Nightlife": 3.546875, "Cocktail Bars": 4.5, "Pet Training": 3.826923076923077, "Dive Bars": 3.6595744680851063, "Formal Wear": 3.0, "Middle Schools & High Schools": 3.7777777777777777, "Television Stations": 3.25, "Hats": 3.5, "Weight Loss Centers": 4.277777777777778, "Accessories": 3.8354430379746836, "Watches": 3.8333333333333335, "Active Life": 4.008571428571429, "Disc Golf": 4.75, "Music Venues": 3.783333333333333, "Hospitals": 3.3055555555555554, "Window Washing": 4.0, "Latin American": 3.9047619047619047, "Beauty & Spas": 3.9659685863874348, "Acupuncture": 4.611111111111111, "Guest Houses": 4.5, "Oral Surgeons": 4.090909090909091, "Car Wash": 3.1714285714285713, "Lawyers": 4.055555555555555, "Outdoor Gear": 4.318181818181818, "Coffee & Tea": 3.829192546583851, "Optometrists": 4.242424242424242, "Cheesesteaks": 3.6875, "Lakes": 4.2, "Estate Planning Law": 4.5, "Tapas Bars": 3.875, "Comedy Clubs": 4.375, "Contractors": 4.109375, "Midwives": 3.0, "Amateur Sports Teams": 3.75, "Body Shops": 4.37037037037037, "Cuban": 3.5625, "Dog Walkers": 4.5625, "Dance Schools": 4.75, "Appliances & Repair": 3.642857142857143, "Museums": 4.071428571428571, "Burgers": 3.3173076923076925, "Orthopedists": 4.166666666666667, "Lingerie": 3.7058823529411766, "Private Investigation": 5.0, "Solar Installation": 4.833333333333333, "Employment Agencies": 4.5, "Massage": 4.238095238095238, "Discount Store": 3.607142857142857, "Uniforms": 3.5, "Pool Halls": 3.625, "Rafting/Kayaking": 4.0, "Keys & Locksmiths": 4.0, "Real Estate": 3.059322033898305, "Diving": 3.8333333333333335, "Professional Services": 3.9295774647887325, "Performing Arts": 4.342592592592593, "Sports Medicine": 3.6666666666666665, "RV Dealers": 4.0, "Swimwear": 4.25, "Trainers": 3.926470588235294, "Indian": 3.5128205128205128, "Golf Equipment": 2.75, "Mortgage Brokers": 2.625, "Kids Activities": 3.5, "Barbeque": 3.5, "Recreation Centers": 4.125, "Nurseries & Gardening": 4.181818181818182, "Transportation": 3.1379310344827585, "Home Theatre Installation": 5.0, "Tax Services": 5.0, "Landmarks & Historical Buildings": 3.875, "Afghan": 4.0, "Boot Camps": 4.625, "Adult": 3.75, "Caterers": 3.7127659574468086, "Party & Event Planning": 4.0, "Auto Detailing": 3.4761904761904763, "Art Schools": 4.1, "Printing Services": 3.810810810810811, "Skate Parks": 4.333333333333333, "Bookstores": 3.75, "Plumbing": 3.94, "Taxis": 3.0, "Naturopathic/Holistic": 4.3125, "Apartments": 2.7289156626506026, "American (Traditional)": 3.3489583333333335, "Home Inspectors": 4.25, "Outlet Stores": 3.388888888888889, "Martial Arts": 4.46875, "Television Service Providers": 2.6666666666666665, "Knitting Supplies": 4.5, "Aquariums": 2.5, "Champagne Bars": 3.5, "Soccer": 4.5, "Piano Bars": 3.5, "Furniture Stores": 3.777027027027027, "Food": 3.7877475247524752, "Heating & Air Conditioning/HVAC": 4.362068965517241, "Photographers": 4.7727272727272725, "Maternity Wear": 3.625, "Tree Services": 4.0, "Shared Office Spaces": 5.0, "Print Media": 3.5625, "Venues & Event Spaces": 3.9452054794520546, "Ethnic Food": 3.9743589743589745, "Jazz & Blues": 4.111111111111111, "Day Spas": 4.049450549450549, "Computers": 3.6458333333333335, "Local Services": 3.834384858044164, "Tutoring Centers": 4.75, "Reflexology": 4.5, "Advertising": 5.0, "Neurologist": 4.0, "Allergists": 3.2, "Pest Control": 3.8181818181818183, "Comfort Food": 3.576923076923077, "Special Education": 2.5, "Colleges & Universities": 3.5, "Medical Spas": 3.710526315789474, "Cheese Shops": 4.583333333333333, "Arcades": 3.227272727272727, "Fishing": 4.0, "Soul Food": 3.625, "IT Services & Computer Repair": 4.239130434782608, "Gluten-Free": 3.6379310344827585, "Arts & Entertainment": 3.9226973684210527, "Sushi Bars": 3.601063829787234, "Tea Rooms": 4.416666666666667, "French": 3.8461538461538463,